vin,model,trim,color
82HFE97646DEZ9600,Model S,Standard,Midnight Silver Metallic
2CTEVH1A3DM766542,Model 3,Standard Range Plus,Pearl White Multi-Coat
R7NNG3W85PC536184,Model S,Plaid,Red Multi-Coat
EJ6E7RHW9DH5A5255,Model S,Plaid,Deep Blue Metallic
FAWRHEL40H5DL3056,Model S,Standard,Solid Black
DYSW0G9F0USPE8849,Model 3,Standard Range Plus,Red Multi-Coat
9ZY6480A0RWG16916,Model S,Plaid,Pearl White Multi-Coat
8HM8JUAW5Z7KZ0482,Model Y,Standard Range,Deep Blue Metallic
C0PA1LY264F661543,Model X,Long Range,Pearl White Multi-Coat
Y599XAGU2SPVV3834,Model Y,Long Range,Midnight Silver Metallic
8FE5M2EE653M50103,Model 3,Standard Range Plus,Midnight Silver Metallic
ZFHYD9XF47UNU7631,Model S,Standard,Deep Blue Metallic
TW474SM75V9UB3338,Model S,Long Range,Midnight Silver Metallic
HWF5V7410YXDS1326,Model X,Long Range,Deep Blue Metallic
4AR1RGWJXCJD46872,Model S,Long Range,Solid Black
4L44XZA455FS88121,Model X,Plaid,Red Multi-Coat
F36TLGDL9KWL53462,Model 3,Performance,Solid Black
1W75DZG92JAVK5135,Model S,Plaid,Pearl White Multi-Coat
1K79G8708MDGZ4493,Model X,Long Range,Pearl White Multi-Coat
YG46UH318VU185242,Model S,Long Range,Midnight Silver Metallic
503P0U933DF7N4505,Model Y,Performance,Midnight Silver Metallic
T0FABT2BXA7R35634,Model 3,Long Range,Midnight Silver Metallic
XECWNKEE1H5HN0365,Model 3,Performance,Midnight Silver Metallic
ZSM28GBG1NLUZ0196,Model S,Plaid,Pearl White Multi-Coat
8RCG3U1C6L8KZ5615,Model 3,Standard Range Plus,Deep Blue Metallic
KTLSJ9CT4KS1K6299,Model Y,Long Range,Red Multi-Coat
JDULWVVD0JZM68721,Model 3,Performance,Midnight Silver Metallic
FKEC023F0TCRY7917,Model S,Standard,Solid Black
SF017UEB2F8W98708,Model X,Plaid,Midnight Silver Metallic
WLVZUVAX4YFHV7434,Model S,Standard,Red Multi-Coat
5JFHML692D5TT2362,Model X,Long Range,Deep Blue Metallic
MWT4DTR20NKRT9670,Model Y,Performance,Deep Blue Metallic
EYEHUY2R892S25627,Model 3,Long Range,Pearl White Multi-Coat
6U9WB4GR6MRHT5375,Model 3,Performance,Red Multi-Coat
G6X24NE5720F90033,Model X,Plaid,Red Multi-Coat
X8DWGPA822KRS2419,Model Y,Long Range,Pearl White Multi-Coat
C5F7K83N8ZM1T8651,Model 3,Performance,Deep Blue Metallic
Y7UPW0UB4XWUH8498,Model S,Standard,Solid Black
LF6HVFWR5BYDN5075,Model 3,Performance,Pearl White Multi-Coat
GMHH1C6F2XYV26783,Model Y,Performance,Solid Black
6JESFKPX1MNWH8856,Model Y,Long Range,Red Multi-Coat
KGE8CL8BXJ7CJ3374,Model Y,Performance,Midnight Silver Metallic
EPBK19H33Y71J0842,Model S,Plaid,Solid Black
XXVMB4GX354001167,Model X,Plaid,Solid Black
K6F8TERV2K47D7496,Model X,Plaid,Pearl White Multi-Coat
DG6AFB5A5XJ3E0679,Model Y,Standard Range,Midnight Silver Metallic
JJW5EGCU3H0541832,Model 3,Performance,Solid Black
AKJV8WKS3V63U4887,Model X,Long Range,Pearl White Multi-Coat
LG26E2H39HBUY2787,Model X,Long Range,Red Multi-Coat
6XNTML7A4S3W65674,Model S,Plaid,Midnight Silver Metallic
LGL8SZ1W7PYV46038,Model Y,Standard Range,Solid Black
DH9JVY8271T6E9324,Model X,Plaid,Pearl White Multi-Coat
8W80YJZH1W0RC6773,Model S,Standard,Red Multi-Coat
Z95HTMZH5Y0VX0449,Model S,Standard,Deep Blue Metallic
NMRWLCFR5XRR03605,Model S,Plaid,Pearl White Multi-Coat
Y39ZM7V74T05X8702,Model 3,Performance,Deep Blue Metallic
GMS6MRLY6FJE68091,Model 3,Long Range,Red Multi-Coat
U77VAK237PU0F5045,Model Y,Standard Range,Red Multi-Coat
TBAB6RFYXGWG19237,Model 3,Performance,Midnight Silver Metallic
WJA5VNKU2RX7F4743,Model Y,Performance,Midnight Silver Metallic
RNJJ2SH16JENE9097,Model Y,Performance,Deep Blue Metallic
CG973KV37JLTB9521,Model S,Standard,Pearl White Multi-Coat
C9PZHAGX250ES4517,Model S,Long Range,Solid Black
P6S1G8WP27EX24965,Model 3,Performance,Pearl White Multi-Coat
LE5WKT89887F90047,Model S,Standard,Solid Black
RWPT0T7Y9PDVV9640,Model 3,Standard Range Plus,Solid Black
FP7PN4SH7D24M3171,Model X,Long Range,Red Multi-Coat
F9D5DDEM709GB2904,Model 3,Long Range,Deep Blue Metallic
8291NFL23T85X2402,Model 3,Performance,Pearl White Multi-Coat
VPZ7VZE3X4XSU8470,Model Y,Standard Range,Deep Blue Metallic
7YV56L051LRJW2499,Model Y,Standard Range,Solid Black
ZU78DUVE8T7LU6576,Model S,Plaid,Deep Blue Metallic
LGP0X566X94M81615,Model X,Plaid,Deep Blue Metallic
TNU4JKN73XE7N9832,Model Y,Performance,Solid Black
P8HEU2H26N1B02445,Model S,Standard,Deep Blue Metallic
S5026DRT5KL647525,Model X,Long Range,Pearl White Multi-Coat
0A46HVUY5DZ8N9764,Model 3,Standard Range Plus,Red Multi-Coat
U8JYK3ES2KD9G9003,Model Y,Standard Range,Deep Blue Metallic
JL81YUB96N5S36838,Model 3,Long Range,Deep Blue Metallic
U2W5LUST7LAWP4160,Model 3,Standard Range Plus,Deep Blue Metallic
6U7FUS6S3A5Z84535,Model S,Standard,Red Multi-Coat
ZCNN0F70805BY4329,Model S,Standard,Pearl White Multi-Coat
WVLL0V5XX4NZ57449,Model 3,Long Range,Deep Blue Metallic
KWV34PJ55RW3V1998,Model Y,Standard Range,Deep Blue Metallic
CLXZ04V733FVV5182,Model S,Standard,Deep Blue Metallic
APPJRTM47RJG05151,Model S,Long Range,Midnight Silver Metallic
M60NKS96996UZ4865,Model Y,Long Range,Deep Blue Metallic
P2PKBDMY55J7Z3322,Model Y,Standard Range,Pearl White Multi-Coat
3M9R0ABAXFVJV7065,Model X,Long Range,Solid Black
EFKXCPVW8TAC94688,Model S,Plaid,Midnight Silver Metallic
G4XP78J620U6E2478,Model S,Standard,Red Multi-Coat
VN2T4SZP3E2L73615,Model Y,Performance,Red Multi-Coat
M093JX9X42GD07901,Model 3,Standard Range Plus,Red Multi-Coat
U8JFK84F08Y2Z6971,Model S,Standard,Solid Black
F0JU1NFT15ZZ22185,Model S,Plaid,Pearl White Multi-Coat
RX3RPG2N9M93N1531,Model Y,Standard Range,Red Multi-Coat
MBWXB95W1C3LK0430,Model 3,Performance,Red Multi-Coat
ZSXG3CJN2PUSV0541,Model S,Plaid,Solid Black
RMBYYPH60BJL76169,Model Y,Performance,Red Multi-Coat
6LJKVUAV5UH455705,Model X,Plaid,Pearl White Multi-Coat
SPZA20V39PR302135,Model X,Long Range,Midnight Silver Metallic
VPPV59PS42BYR5431,Model Y,Standard Range,Midnight Silver Metallic
8GGVDJYC8BV6L1217,Model Y,Long Range,Solid Black
N5JKABPZ4FY2P3132,Model S,Long Range,Red Multi-Coat
PW965KSX059L58669,Model S,Standard,Red Multi-Coat
VWN9B9UZXKAAL0182,Model 3,Performance,Midnight Silver Metallic
ENJ6GCH92ZA0A4981,Model 3,Long Range,Solid Black
M3263GDT6JKXF9078,Model 3,Long Range,Midnight Silver Metallic
SKW54AVTX0LLN7735,Model 3,Long Range,Red Multi-Coat
S9PZ7LFW6074J1473,Model X,Long Range,Red Multi-Coat
RTFALLCA9KY267877,Model X,Long Range,Pearl White Multi-Coat
SZWFDN447J17U4797,Model X,Long Range,Solid Black
9GPSP3S4XJ5RZ9835,Model 3,Long Range,Midnight Silver Metallic
VH897SPMXZSZ38523,Model 3,Performance,Midnight Silver Metallic
339MXW0Z0ASKM2595,Model 3,Performance,Midnight Silver Metallic
ZZYKX2PM32XGE1694,Model Y,Long Range,Solid Black
4XAR0F382T0TD3075,Model S,Plaid,Deep Blue Metallic
TZX49DLX2WMNG8652,Model X,Long Range,Solid Black
XCFHKEKJ8NHJ83757,Model X,Long Range,Midnight Silver Metallic
RSN0J3J65DCHH5747,Model 3,Performance,Deep Blue Metallic
97FF4EE41791A1657,Model Y,Performance,Solid Black
TXXCJLJ483BTB1938,Model S,Standard,Pearl White Multi-Coat
3SYBJ31K7JWY99915,Model S,Long Range,Red Multi-Coat
ZWHC8MAW6JCBS4205,Model 3,Long Range,Pearl White Multi-Coat
UZL6S7B99GRFV7530,Model S,Long Range,Midnight Silver Metallic
HMK1GPF44SZK81742,Model S,Long Range,Pearl White Multi-Coat
JPEE9X0W6XDF69568,Model 3,Performance,Solid Black
VP584ZC0X8DY62587,Model X,Plaid,Red Multi-Coat
ZV4W9ZTW1K2SG9087,Model 3,Standard Range Plus,Pearl White Multi-Coat
1D53UN548TB9T1704,Model 3,Long Range,Solid Black
PRVRR69NX9E121286,Model 3,Performance,Midnight Silver Metallic
KWUREFWN23T2F2431,Model Y,Performance,Pearl White Multi-Coat
D573V4F34D49Z6738,Model X,Long Range,Solid Black
JELLFK0E3BUY46440,Model Y,Standard Range,Deep Blue Metallic
NRLTT0KR1EK0W2873,Model 3,Standard Range Plus,Deep Blue Metallic
4TT9RFGD96C4H5175,Model X,Plaid,Pearl White Multi-Coat
R35CDXDM18XFD4033,Model 3,Standard Range Plus,Pearl White Multi-Coat
SFLJRWNK2W7XL4587,Model Y,Long Range,Midnight Silver Metallic
DPLT3E023TJ0C4899,Model S,Long Range,Midnight Silver Metallic
MERFYMGY0A9YB7725,Model Y,Performance,Red Multi-Coat
43541T9E9ZWP41203,Model X,Long Range,Solid Black
XY21T12H3UB778408,Model X,Long Range,Red Multi-Coat
0FCGNHS66FEK65679,Model X,Long Range,Solid Black
36SRRX413M73E2176,Model Y,Long Range,Midnight Silver Metallic
DXH35H3BX0S5K5039,Model Y,Performance,Red Multi-Coat
AFRMR96Z3E5MS5016,Model S,Long Range,Red Multi-Coat
L2HVYENR76JF56296,Model 3,Long Range,Solid Black
6H0R0RLP6VPH71104,Model Y,Standard Range,Red Multi-Coat
96BUVZT706LR10158,Model 3,Long Range,Deep Blue Metallic
JTR6FARA8Y05A2444,Model S,Plaid,Midnight Silver Metallic
UHTKX5PG3CW793799,Model X,Long Range,Midnight Silver Metallic
K1SMRMVMXLCXL6924,Model X,Plaid,Midnight Silver Metallic
BSLJYFLR1CB2W4651,Model Y,Performance,Midnight Silver Metallic
DVJ5TY9K1R5VX3426,Model 3,Standard Range Plus,Deep Blue Metallic
SZT3P67F5SMU75290,Model Y,Performance,Pearl White Multi-Coat
17GEZEVP10N2X6798,Model X,Plaid,Red Multi-Coat
7JT680NK5XNX75738,Model S,Long Range,Midnight Silver Metallic
VVL5K3824BAMU5123,Model 3,Long Range,Red Multi-Coat
WESBBUS2XUR1D9379,Model X,Plaid,Deep Blue Metallic
DH57BPLC4LRS87147,Model Y,Performance,Pearl White Multi-Coat
NNWBK69L2BP0Z1341,Model Y,Performance,Pearl White Multi-Coat
RT9RUBYB29BLV8274,Model S,Long Range,Red Multi-Coat
4N1Y9CRZ4VYA67676,Model X,Long Range,Pearl White Multi-Coat
2EJ3HEJA4Z88H7978,Model X,Long Range,Pearl White Multi-Coat
P3VDU7FK36V8F0745,Model 3,Standard Range Plus,Solid Black
DNUA9DD45ALJJ9584,Model 3,Long Range,Red Multi-Coat
HZ79T4H92FSY02325,Model S,Long Range,Deep Blue Metallic
HTRV56SZ0L16W4577,Model 3,Performance,Deep Blue Metallic
N5SDUDYH59YM45458,Model Y,Long Range,Pearl White Multi-Coat
37W28AVW5KAH60632,Model 3,Performance,Solid Black
PG6PA4SK61DX53611,Model S,Long Range,Pearl White Multi-Coat
9EV11M8U8R6772713,Model 3,Performance,Red Multi-Coat
LPK9R9055AVND8909,Model Y,Standard Range,Red Multi-Coat
0TVD67984L9FH9656,Model 3,Standard Range Plus,Deep Blue Metallic
6FJ2KDZC0YR8F6403,Model 3,Long Range,Red Multi-Coat
Y51PL9RTX52515827,Model X,Plaid,Red Multi-Coat
GD34SZJZ10H6K6661,Model Y,Performance,Deep Blue Metallic
6ZD0LS5K26U8W6303,Model 3,Performance,Deep Blue Metallic
4KB8191A3GAP97588,Model Y,Long Range,Pearl White Multi-Coat
H82MUH5G8ZP4Y9177,Model X,Plaid,Pearl White Multi-Coat
APAG78EZ23XPR0003,Model X,Plaid,Solid Black
0B3TELFT9P8Z45419,Model X,Long Range,Midnight Silver Metallic
BE3S5WJK11PCJ5187,Model X,Plaid,Red Multi-Coat
KFWPYCF02N1M10603,Model S,Standard,Pearl White Multi-Coat
RK7DFTY42ETPW2410,Model 3,Long Range,Pearl White Multi-Coat
67Z9S54U6LSLL2344,Model 3,Standard Range Plus,Deep Blue Metallic
VHE5C9704LT8N1277,Model Y,Long Range,Red Multi-Coat
DVKWG86A9L06F4903,Model Y,Long Range,Solid Black
NSZ4KGB20F7W76788,Model 3,Long Range,Deep Blue Metallic
9814E9CS8G5255199,Model S,Plaid,Deep Blue Metallic
CV96M83W6SY2R0296,Model Y,Standard Range,Midnight Silver Metallic
UBNDBHHV0FJYT2099,Model X,Plaid,Deep Blue Metallic
X46HR9TC3RNXY8380,Model 3,Long Range,Pearl White Multi-Coat
NZLRHB2L94XNE9304,Model X,Plaid,Deep Blue Metallic
A7FFH4ER5LN2N5223,Model S,Long Range,Midnight Silver Metallic
0CYKBY3682X1M0393,Model Y,Performance,Pearl White Multi-Coat
C9MBL4200P5PS9218,Model Y,Standard Range,Red Multi-Coat
7MKL9AUY4NEBR5289,Model S,Long Range,Red Multi-Coat
KJ9B1S3B97Y0M9593,Model S,Standard,Deep Blue Metallic
5FNLA6MV75NG70433,Model 3,Long Range,Pearl White Multi-Coat
14RVTATY07XEA6586,Model S,Long Range,Deep Blue Metallic
V53J2LG75A56M1526,Model X,Long Range,Deep Blue Metallic
X2UAUA471GJKF5336,Model X,Plaid,Deep Blue Metallic
74SY04P1XXC726149,Model X,Plaid,Midnight Silver Metallic
DAJ6X8KSXRBPR7741,Model S,Long Range,Solid Black
PBV3GVWG8076N3490,Model S,Long Range,Pearl White Multi-Coat
TE4RTXFX1Z08V4160,Model S,Plaid,Solid Black
BADC93U63GL566329,Model S,Standard,Pearl White Multi-Coat
RSLHW1T89777J6229,Model S,Plaid,Pearl White Multi-Coat
NTGRYX3B1S3SM4629,Model 3,Standard Range Plus,Deep Blue Metallic
F4XHP2MK0E9KV4471,Model S,Plaid,Pearl White Multi-Coat
LHT6CVDT4ZA5K7850,Model Y,Performance,Midnight Silver Metallic
ZS92BCC45PCHP3070,Model X,Long Range,Red Multi-Coat
WZS82FPY4NNAG9727,Model S,Standard,Midnight Silver Metallic
6J2R4ADE1Z21X3346,Model S,Plaid,Solid Black
9B1EGKHU0DWKS6574,Model X,Plaid,Deep Blue Metallic
71ZPJK7X2HGKC1545,Model 3,Standard Range Plus,Red Multi-Coat
0F4SL92Y8R3CM4466,Model 3,Standard Range Plus,Midnight Silver Metallic
EXNZKABJ6BM6E1724,Model S,Plaid,Solid Black
NEKTMPGJ35XCZ7170,Model X,Plaid,Midnight Silver Metallic
8RKT409C80LB65697,Model S,Plaid,Midnight Silver Metallic
YMBL41VH5Y69U3292,Model S,Long Range,Deep Blue Metallic
USUXR13C3C21F5058,Model S,Long Range,Midnight Silver Metallic
ENK97RZK4JWMU2104,Model Y,Performance,Pearl White Multi-Coat
9MYNCAS202ZA83323,Model Y,Standard Range,Red Multi-Coat
P3RG44725R8GX0167,Model X,Plaid,Deep Blue Metallic
0D1KT7H988J876189,Model Y,Performance,Red Multi-Coat
YCCGCNTJ0DXMF2087,Model X,Plaid,Pearl White Multi-Coat
1168Y06Z3WJGW1143,Model S,Long Range,Deep Blue Metallic
47B3JPLU59AMN1100,Model 3,Long Range,Red Multi-Coat
VH6PMB8S9XTA86746,Model Y,Long Range,Solid Black
94A7TXVB929XY9659,Model Y,Long Range,Pearl White Multi-Coat
8TV35GL11M7UF8993,Model Y,Standard Range,Midnight Silver Metallic
XNR041AZ5YLFM7721,Model X,Plaid,Midnight Silver Metallic
H4ZERSF6X6YVL7797,Model X,Long Range,Red Multi-Coat
8Y27ST314ZDWM1994,Model 3,Standard Range Plus,Pearl White Multi-Coat
P4EWMXPV3MNJP1130,Model Y,Long Range,Red Multi-Coat
73AY9T7G1SDWC9331,Model 3,Performance,Deep Blue Metallic
M7T38VWZ44UXZ2708,Model Y,Long Range,Solid Black
BB97RLZR2SMJV6934,Model S,Long Range,Pearl White Multi-Coat
99TZKLDC99BZL3945,Model Y,Performance,Pearl White Multi-Coat
8NXTJU1704CHA0620,Model X,Plaid,Deep Blue Metallic
JG04JD3N4ERFZ7198,Model X,Plaid,Red Multi-Coat
J4RRTL412EPCC4397,Model X,Plaid,Deep Blue Metallic
JVB5BBZ83G9AG6064,Model X,Plaid,Midnight Silver Metallic
1MW030L43N5LE9479,Model 3,Standard Range Plus,Pearl White Multi-Coat
B5ZATS6N9PJDX3355,Model X,Long Range,Red Multi-Coat
18NVFF3L0J2PZ6164,Model 3,Standard Range Plus,Pearl White Multi-Coat
ZVY3JCLZ415DD1128,Model Y,Long Range,Red Multi-Coat
U7DU502W74BG55011,Model X,Long Range,Pearl White Multi-Coat
EGTRVSUL715350618,Model X,Long Range,Midnight Silver Metallic
NZ7JK6JV2AE9S6607,Model 3,Long Range,Solid Black
J0KP108306KDN0996,Model 3,Long Range,Solid Black
DTZ0ABEG24W5J3129,Model S,Plaid,Midnight Silver Metallic
5G7CYMN945CLY3149,Model 3,Performance,Deep Blue Metallic
VMK0PLUAXUHP90533,Model S,Standard,Red Multi-Coat
MXWVNKY709CG52914,Model X,Plaid,Deep Blue Metallic
52Z2SD3G2PSEJ8872,Model Y,Long Range,Pearl White Multi-Coat
9WZZ6SPZ1Z9VA0392,Model S,Long Range,Deep Blue Metallic
B0XN3EYE63DPR1453,Model S,Standard,Deep Blue Metallic
XW33L7HG7RRP59892,Model Y,Standard Range,Red Multi-Coat
GRESNNYX9VAE59082,Model S,Standard,Pearl White Multi-Coat
ZHD0BAP8XXXXD3651,Model X,Long Range,Pearl White Multi-Coat
AT2F39A944AGB8092,Model S,Plaid,Deep Blue Metallic
S2J6DVXX80BZG2369,Model 3,Performance,Deep Blue Metallic
AMW5ERR90ZT071038,Model Y,Long Range,Midnight Silver Metallic
BX3Z86X94TP3U9806,Model Y,Long Range,Red Multi-Coat
EXRN7U9G2TGC17314,Model S,Plaid,Solid Black
181RDLTP3GGUP1269,Model 3,Performance,Pearl White Multi-Coat
HSDTXBPX0S98E4495,Model X,Long Range,Pearl White Multi-Coat
VA7DZSM430XU62601,Model 3,Standard Range Plus,Red Multi-Coat
5GEP63RS84BYV9849,Model S,Standard,Solid Black
1CJC3ZEAXA6HS0530,Model Y,Long Range,Red Multi-Coat
NSSC156J7HECW8955,Model Y,Long Range,Solid Black
S1GBTZ755ZGGV8451,Model 3,Long Range,Midnight Silver Metallic
RXFMWW2X2EELT1416,Model Y,Standard Range,Pearl White Multi-Coat
N1GFJ6SM0LNDH1827,Model X,Long Range,Deep Blue Metallic
BCYCFFGD7N0783339,Model S,Plaid,Pearl White Multi-Coat
6Y13XPLY7ZHSE9472,Model 3,Long Range,Pearl White Multi-Coat
94UX3ZNS2WL112718,Model S,Standard,Pearl White Multi-Coat
DR7LPGBG4MPBY3479,Model X,Plaid,Deep Blue Metallic
UDTPPSHV3E7HF2929,Model S,Long Range,Midnight Silver Metallic
URC00X1B9LYKG6728,Model Y,Long Range,Red Multi-Coat
4S7A4DGX8PPGN1754,Model Y,Long Range,Solid Black
2T8NCBJN16RJW5877,Model S,Long Range,Midnight Silver Metallic
0AMTS56A2JHSH5355,Model X,Long Range,Solid Black
VPVTAB299AS773413,Model 3,Performance,Red Multi-Coat
5X42S67G0KEFJ9216,Model S,Plaid,Midnight Silver Metallic
V99A23NL8V9BW7784,Model S,Standard,Deep Blue Metallic
UKNXE6VK1K1195642,Model Y,Long Range,Pearl White Multi-Coat
NJX1YXK131PCT6493,Model Y,Performance,Deep Blue Metallic
USFARREG9HJHT1638,Model S,Long Range,Midnight Silver Metallic
C5B9J8WV4L2044973,Model Y,Long Range,Midnight Silver Metallic
2B7JH9V11YDMT3120,Model S,Standard,Midnight Silver Metallic
KYPW3M606XBCG0461,Model Y,Performance,Deep Blue Metallic
R18FRVF36DXRK3718,Model X,Plaid,Red Multi-Coat
LA38GXKC2FUL15031,Model S,Long Range,Solid Black
AH8SF13X9FAY69251,Model X,Plaid,Midnight Silver Metallic
M44N079Y5VC2R3585,Model S,Long Range,Red Multi-Coat
N9G3YVJY4NLWH3928,Model S,Plaid,Red Multi-Coat
A50VJGPW32PFL0862,Model Y,Long Range,Solid Black
5RCY0JLT7539B5118,Model 3,Performance,Midnight Silver Metallic
3C7YC73R3G4PE7899,Model Y,Performance,Deep Blue Metallic
51DY6W4P2H35K8650,Model S,Standard,Midnight Silver Metallic
5D77ERCC3T7NW8392,Model 3,Long Range,Deep Blue Metallic
U7ABSZMA1LLPT8975,Model Y,Standard Range,Solid Black
ULFDRGPV4J29K7600,Model 3,Performance,Pearl White Multi-Coat
1KEDL2HZ073WN8992,Model X,Long Range,Red Multi-Coat
09GPFEGK0D5LX1969,Model Y,Standard Range,Pearl White Multi-Coat
BY7K3R6418E1R5566,Model S,Long Range,Solid Black
4K3L0LZE1Z6EU2067,Model 3,Long Range,Midnight Silver Metallic
JS09M6X49SZU98641,Model X,Plaid,Deep Blue Metallic
9XCYSCFF768TU1465,Model Y,Standard Range,Deep Blue Metallic
PNCLN2KA30V3E5979,Model 3,Long Range,Pearl White Multi-Coat
CP0684F07KVX24051,Model 3,Standard Range Plus,Midnight Silver Metallic
MDDDGX025GA4J6980,Model Y,Long Range,Red Multi-Coat
CH4W15RH9RERZ5104,Model X,Long Range,Midnight Silver Metallic
7LY6BCZW7KMYS8003,Model X,Plaid,Pearl White Multi-Coat
A2NNNKFZ32HE04046,Model Y,Performance,Deep Blue Metallic
MS96RETF5MV9D9264,Model X,Plaid,Red Multi-Coat
9C9K9U0A88BL05188,Model Y,Long Range,Midnight Silver Metallic
2LTTKVH0X2HEE3122,Model 3,Performance,Pearl White Multi-Coat
E2N6X9ZX9X9AC5267,Model Y,Standard Range,Deep Blue Metallic
E3T1HTEC4YLWF3127,Model S,Long Range,Deep Blue Metallic
US3RLS375S3R47703,Model Y,Long Range,Pearl White Multi-Coat
CJVSKJWAX0WV66490,Model Y,Standard Range,Pearl White Multi-Coat
Z8B9STLV2CW6G0279,Model X,Long Range,Deep Blue Metallic
LA868VP63ARR38689,Model S,Plaid,Deep Blue Metallic
AM0A0B4T5B89C4474,Model S,Plaid,Pearl White Multi-Coat
1G1WYY1Y8WTV63397,Model Y,Performance,Pearl White Multi-Coat
1FHD4B048KM645020,Model S,Long Range,Midnight Silver Metallic
7TBAJBWPXPR5U0145,Model X,Plaid,Solid Black
5JX98HMTX476X8339,Model X,Plaid,Midnight Silver Metallic
JULGN9YY0JC187293,Model Y,Performance,Solid Black
2W8DTT3MXCJG55830,Model S,Standard,Midnight Silver Metallic
KKZL18MMXBCMM6990,Model 3,Performance,Solid Black
XX39X0WM7KL2D7608,Model Y,Standard Range,Solid Black
MN50H2MR7RB8K8299,Model Y,Standard Range,Midnight Silver Metallic
L3HT6YFP6KB8P7438,Model S,Standard,Midnight Silver Metallic
3C6VZ2XZ2KL072357,Model S,Long Range,Midnight Silver Metallic
9D3WR81K0W37K0915,Model X,Plaid,Pearl White Multi-Coat
2KDLCCJH8H0AH8571,Model 3,Performance,Deep Blue Metallic
81Z7DNLH5A5KM2493,Model 3,Standard Range Plus,Pearl White Multi-Coat
V492X47R8BVNK0166,Model S,Plaid,Deep Blue Metallic
MC6W96W76EE0G7477,Model 3,Long Range,Red Multi-Coat
PSBMLWY28XWAJ1715,Model 3,Standard Range Plus,Deep Blue Metallic
N9Z7S7L51TFFA4876,Model X,Plaid,Midnight Silver Metallic
XR5MDUUM6Y8WL8321,Model S,Long Range,Midnight Silver Metallic
7VBKS57R3D9105701,Model 3,Standard Range Plus,Deep Blue Metallic
0VJRVCDL2N61Z4946,Model X,Plaid,Deep Blue Metallic
S9J4P41NXUSLR1403,Model X,Plaid,Midnight Silver Metallic
SRUDBX9C90J998656,Model 3,Long Range,Deep Blue Metallic
1520YU962UBWZ2679,Model S,Standard,Deep Blue Metallic
UVRNEBU10HTP39738,Model X,Plaid,Midnight Silver Metallic
3XP8X60H96FX57818,Model S,Plaid,Deep Blue Metallic
K4M1XWZX1JJA39565,Model X,Long Range,Red Multi-Coat
KG4XA4J27Z5HG4712,Model S,Plaid,Deep Blue Metallic
9HHG18B00FYB37524,Model X,Long Range,Red Multi-Coat
M600YTRF8N4G87239,Model X,Long Range,Pearl White Multi-Coat
4AWSXKXE30U1J6674,Model X,Long Range,Solid Black
VRL37NUH6GSWF5441,Model S,Long Range,Deep Blue Metallic
CMBL11516VNEJ6181,Model S,Plaid,Midnight Silver Metallic
GC3264D85RB8B1192,Model 3,Standard Range Plus,Midnight Silver Metallic
GJW5WHUL44RRM4214,Model X,Plaid,Pearl White Multi-Coat
4GGBV5YC070UD9627,Model 3,Standard Range Plus,Red Multi-Coat
7VG7355G613RH7072,Model X,Plaid,Pearl White Multi-Coat
0MS1ZYXU51RX86183,Model X,Plaid,Midnight Silver Metallic
NMKS46PM0B3RC1743,Model X,Long Range,Deep Blue Metallic
KR7NY6VC4FYR52030,Model S,Standard,Pearl White Multi-Coat
KYV23M4M6W0E50613,Model Y,Performance,Midnight Silver Metallic
30Y2X3F907WA50204,Model S,Long Range,Solid Black
78YE5CUM09LD36519,Model X,Long Range,Deep Blue Metallic
BM58H0TA4F3975827,Model X,Plaid,Red Multi-Coat
RA2Y611B1X9D01946,Model Y,Performance,Midnight Silver Metallic
HVTFB3BY7T1FC9145,Model S,Plaid,Pearl White Multi-Coat
87PZEWDH8XYBA0312,Model Y,Standard Range,Red Multi-Coat
34PJDUGM84BA29701,Model X,Long Range,Solid Black
YZ85FVLT0LE7F3531,Model Y,Performance,Midnight Silver Metallic
TCRE5XY4XWBRP6239,Model Y,Standard Range,Pearl White Multi-Coat
9WCNHCM9298WW0904,Model S,Standard,Midnight Silver Metallic
TAMEJAAE3DXWH1687,Model Y,Standard Range,Solid Black
1UFFLUE003XZ39060,Model 3,Performance,Pearl White Multi-Coat
USX7VYF659NJF8063,Model Y,Long Range,Midnight Silver Metallic
62XKAW2W6PW157262,Model Y,Performance,Pearl White Multi-Coat
RM3JUHD60P48R9508,Model Y,Performance,Solid Black
PW3PPB5D38XDE2538,Model Y,Performance,Deep Blue Metallic
LNHZUH452Z8XJ5577,Model X,Long Range,Midnight Silver Metallic
VP5CW66S5AH802411,Model 3,Long Range,Deep Blue Metallic
Y0D2JT9X8JC525670,Model 3,Long Range,Solid Black
EMTMLYVW6AGEX4924,Model X,Plaid,Solid Black
PJ40NJWA4BB0A9284,Model Y,Long Range,Pearl White Multi-Coat
F83L9VGP9LN0P2380,Model S,Long Range,Solid Black
VAK82SY00ZMJX7520,Model 3,Performance,Red Multi-Coat
J0VM8X391SEVN8140,Model S,Standard,Midnight Silver Metallic
6L4CEHC28ZSCY1871,Model 3,Standard Range Plus,Red Multi-Coat
LZ4PS0UP1NNKV6504,Model 3,Standard Range Plus,Red Multi-Coat
6DVTVJAU060DK6299,Model 3,Performance,Pearl White Multi-Coat
XM5R61TH49CBR6287,Model 3,Long Range,Pearl White Multi-Coat
JY3KKYWE6KX8J0024,Model S,Long Range,Pearl White Multi-Coat
TBYF28HY9XUGX1959,Model 3,Performance,Midnight Silver Metallic
8PZ2GA406A4HP5725,Model 3,Standard Range Plus,Solid Black
TN4JJ5ZC5LLKH2192,Model 3,Standard Range Plus,Midnight Silver Metallic
P7N019JP37D0Z7652,Model 3,Performance,Midnight Silver Metallic
EC8TW5898P9VM0754,Model S,Standard,Midnight Silver Metallic
BK28E90E76U854232,Model S,Standard,Deep Blue Metallic
2XU3C73Z6G35K9071,Model S,Plaid,Solid Black
178DCBN2XNNAZ1249,Model Y,Long Range,Midnight Silver Metallic
FZ571DCJ0DZXP2801,Model S,Long Range,Red Multi-Coat
BV7BNRUD0L8W88361,Model 3,Performance,Solid Black
9YPJ36LY6KVET1647,Model X,Plaid,Solid Black
JUC5XPB12680S7167,Model S,Long Range,Deep Blue Metallic
S7A5PCMC2UYHH9613,Model Y,Performance,Solid Black
SNXSYZH02YYE97114,Model Y,Performance,Deep Blue Metallic
2745Y2BR375YW9524,Model S,Standard,Midnight Silver Metallic
CJYYZGM29VLRV0616,Model 3,Standard Range Plus,Pearl White Multi-Coat
W33BKAYU98YXX2467,Model X,Plaid,Deep Blue Metallic
AZ4SGYRN339PN4500,Model X,Plaid,Red Multi-Coat
2MR7UNNT1FK655033,Model Y,Standard Range,Solid Black
K8MA2L3W6H2X26986,Model 3,Long Range,Deep Blue Metallic
LRRL7Y7D7AKPU5785,Model 3,Long Range,Midnight Silver Metallic
CY5DJG4K367MH9639,Model Y,Long Range,Deep Blue Metallic
5XUDN5KZ7CTSG4685,Model S,Long Range,Deep Blue Metallic
ZWB2BYDWX4CPW4896,Model X,Plaid,Midnight Silver Metallic
0F0KUTL53AGFS3644,Model 3,Performance,Deep Blue Metallic
F80C2FKW53CAH7866,Model S,Standard,Solid Black
92GHB3Y25K5TP0159,Model S,Long Range,Solid Black
6S9F8Z8G78LMR7139,Model X,Long Range,Red Multi-Coat
FUD07BDH24YP87649,Model S,Plaid,Red Multi-Coat
LUXFH0PX234FG5409,Model X,Long Range,Deep Blue Metallic
RKP8FVR13FKDA6441,Model X,Plaid,Solid Black
VLT3H6YX7AGZ56561,Model X,Plaid,Midnight Silver Metallic
NTLW24BV8KL682063,Model S,Plaid,Red Multi-Coat
AF9TLVX91JC6T4295,Model 3,Standard Range Plus,Deep Blue Metallic
PBSRE22E6A4SU1734,Model 3,Standard Range Plus,Midnight Silver Metallic
G06PA81U6DCHJ7713,Model X,Long Range,Midnight Silver Metallic
YR9UDDJC32JGF6262,Model 3,Long Range,Red Multi-Coat
VFPW61X97UG575636,Model S,Plaid,Midnight Silver Metallic
44MFXN315KSP94896,Model S,Standard,Midnight Silver Metallic
3BGAZYMW6U0G82158,Model X,Plaid,Midnight Silver Metallic
L39YHPUJ4LUAL4948,Model S,Standard,Pearl White Multi-Coat
Y0V4C04E4AWU82074,Model Y,Standard Range,Pearl White Multi-Coat
Y3VNYWY87DJBA2151,Model S,Standard,Red Multi-Coat
ZHD1BT5F9J8SP7150,Model 3,Long Range,Deep Blue Metallic
7L026WXW43VL94905,Model Y,Long Range,Pearl White Multi-Coat
D4JL45R60S62D6423,Model X,Plaid,Midnight Silver Metallic
ARSJ08KY4N7PZ6492,Model S,Standard,Pearl White Multi-Coat
CYVRXHU60UU636592,Model 3,Performance,Solid Black
ZMWE0Y6J2K09K7617,Model S,Long Range,Deep Blue Metallic
FUJ453Z76WGNG8661,Model Y,Long Range,Red Multi-Coat
6Z28WBBS3LWVG0164,Model Y,Long Range,Midnight Silver Metallic
MBDB6G7U881AX8006,Model 3,Performance,Solid Black
WSYKPSK6082C22203,Model X,Plaid,Solid Black
DX0FUC6K328A07276,Model X,Plaid,Red Multi-Coat
VYX2VFCJ717UT9605,Model X,Long Range,Pearl White Multi-Coat
YJ3YSYZY1UL5H3080,Model Y,Performance,Solid Black
TX8YNVU27NVEZ2437,Model S,Standard,Midnight Silver Metallic
EMW9JRTP8J6X97293,Model 3,Standard Range Plus,Midnight Silver Metallic
BCAY7TYK32NGN3380,Model X,Plaid,Solid Black
ABZ35MU87EYGM9318,Model S,Long Range,Deep Blue Metallic
N3H0Z74V373Z77119,Model 3,Standard Range Plus,Deep Blue Metallic
A8DPAJVZ5M98C7125,Model 3,Performance,Red Multi-Coat
VT1FXMJZ5TPF02145,Model X,Long Range,Deep Blue Metallic
TE9UTTWP256ML0720,Model S,Long Range,Solid Black
SAU4S3047KLN18466,Model Y,Standard Range,Midnight Silver Metallic
H0SVDVNSXMR9J3410,Model Y,Performance,Deep Blue Metallic
D6ZKMA227KUZ88943,Model Y,Long Range,Solid Black
4PGZN8488WMFE7490,Model Y,Standard Range,Midnight Silver Metallic
NKJ9RF7L3W70U8935,Model 3,Performance,Deep Blue Metallic
T664U9XD2SSGY7158,Model X,Long Range,Deep Blue Metallic
UVYTA0Z998DWX7728,Model S,Standard,Deep Blue Metallic
3AP8T88P808PK9408,Model Y,Performance,Solid Black
PKJY200T6BY180443,Model Y,Long Range,Midnight Silver Metallic
N53TXKVM09ZWV6792,Model 3,Long Range,Pearl White Multi-Coat
V0L6TRES4H6A25807,Model S,Plaid,Solid Black
K86C4CXZ12HDF0182,Model 3,Long Range,Midnight Silver Metallic
V6LS3Y2M1LRG66260,Model 3,Standard Range Plus,Solid Black
87AJ0BG684LB22462,Model 3,Long Range,Pearl White Multi-Coat
4KR7L0TLXCFFY4610,Model 3,Performance,Pearl White Multi-Coat
ZZR8H4LW32TE28617,Model S,Standard,Deep Blue Metallic
H7F9KTV62AFUV8325,Model Y,Performance,Red Multi-Coat
31WJA14X9NDZJ4946,Model Y,Performance,Red Multi-Coat
3A5K6S890ZLMG8463,Model X,Plaid,Pearl White Multi-Coat
VHFLMDWM2X11B0209,Model Y,Standard Range,Deep Blue Metallic
TYS652V83RB185695,Model Y,Performance,Midnight Silver Metallic
WPCV1E2H2KEEY5319,Model X,Long Range,Midnight Silver Metallic
P3HYD1CS2YACB1498,Model S,Long Range,Deep Blue Metallic
5959GEHC8W1U40894,Model Y,Standard Range,Solid Black
LUTH8WYP4HTVL8030,Model X,Plaid,Solid Black
1SCM62EU2MK571332,Model S,Plaid,Red Multi-Coat
2XU2MGF70MF5V7350,Model Y,Long Range,Red Multi-Coat
7V8643RL54KU51207,Model S,Long Range,Red Multi-Coat
744JRS7T7WRWU3990,Model 3,Long Range,Red Multi-Coat
7M2WMC771C9ZG0919,Model Y,Performance,Pearl White Multi-Coat
NTXVBF93XUZNK0249,Model S,Long Range,Solid Black
00XKMJP13FZ4U8920,Model X,Long Range,Red Multi-Coat
NCCC5MCX7MKTM7959,Model 3,Standard Range Plus,Pearl White Multi-Coat
A7W3YE1E2FXMR3793,Model Y,Long Range,Red Multi-Coat
DSB1P15N8JVCP0812,Model 3,Long Range,Midnight Silver Metallic
32CCJBEG3BC2B2583,Model X,Plaid,Deep Blue Metallic
G729R8MD4PAU54735,Model X,Long Range,Midnight Silver Metallic
809CCRPL6CJ0L9630,Model S,Long Range,Solid Black
F4H9ZYD66ZRZP7912,Model Y,Long Range,Midnight Silver Metallic
YWBLPXYXX3DEC4969,Model 3,Long Range,Solid Black
VFSDKURAX96JV5481,Model 3,Long Range,Midnight Silver Metallic
NE3WZMUV5YLHR7665,Model Y,Standard Range,Red Multi-Coat
2BVEG5N616HE74888,Model S,Long Range,Red Multi-Coat
85P3CMCM79G1K4443,Model Y,Performance,Midnight Silver Metallic
JNSS1XZ05XEWW6333,Model 3,Performance,Red Multi-Coat
M6LCUTDV099K17805,Model S,Plaid,Deep Blue Metallic
YNMETUSK2390M5909,Model X,Long Range,Midnight Silver Metallic
SRDS5RCXXK6A71597,Model X,Long Range,Pearl White Multi-Coat
B3Y2BC5R65W4P4334,Model X,Plaid,Pearl White Multi-Coat
1ALTSA891RD9D8671,Model 3,Standard Range Plus,Pearl White Multi-Coat
KUXAKCZW5V5SF4302,Model S,Long Range,Solid Black
MYWW36JW1BTFB5469,Model S,Plaid,Midnight Silver Metallic
UWRB7S3F75DYT2484,Model 3,Performance,Deep Blue Metallic
8P57ZLTV93W252438,Model 3,Standard Range Plus,Pearl White Multi-Coat
WRMSCS312WYW54125,Model 3,Performance,Deep Blue Metallic
6FV9XHAA2J8SA0912,Model S,Long Range,Midnight Silver Metallic
51H0VNBD047RK0837,Model 3,Long Range,Red Multi-Coat
V414RCFP6T21M3310,Model X,Plaid,Pearl White Multi-Coat
C5E7AA3T3CDSU8155,Model 3,Long Range,Deep Blue Metallic
8ED7NLB15DWE56506,Model 3,Long Range,Red Multi-Coat
HP35DTKYXG7LR1892,Model Y,Long Range,Midnight Silver Metallic
9MBLX5M27ZEZ19976,Model Y,Performance,Red Multi-Coat
E28KFUF63JC0R0257,Model Y,Standard Range,Pearl White Multi-Coat
D3FVM9HL82EMM0864,Model 3,Long Range,Solid Black
FD4FERLB05C407017,Model Y,Long Range,Red Multi-Coat
D96BDFZ62CFUB6742,Model S,Plaid,Red Multi-Coat
FKJVCHX68XVUZ5662,Model S,Long Range,Solid Black
U0X2RU6K7BGRW9828,Model 3,Long Range,Deep Blue Metallic
KWJRX5M9211ZP7323,Model 3,Long Range,Solid Black
YSTSPRYK48RAC9160,Model 3,Long Range,Midnight Silver Metallic
UGNZYP4R73P206337,Model S,Long Range,Solid Black
GW0GFA1816CUA1669,Model Y,Performance,Midnight Silver Metallic
UGKZRKT67HDSK1952,Model 3,Long Range,Solid Black
1AY175TT9PB9C4622,Model X,Long Range,Solid Black
YBZ8VDBC0TV7A0234,Model X,Long Range,Midnight Silver Metallic
6J6R8H5M9Y7140937,Model 3,Standard Range Plus,Solid Black
H137D1RH5UMPM7759,Model X,Plaid,Pearl White Multi-Coat
LFPSR4NM4928H1076,Model Y,Long Range,Red Multi-Coat
FPVXZTC16LVEY5050,Model S,Standard,Solid Black
S6NUX7RJ7Z39Y9328,Model X,Long Range,Pearl White Multi-Coat
6KWAV8XF87U2A3321,Model Y,Standard Range,Midnight Silver Metallic
LRHEGX892E5MR8715,Model 3,Long Range,Solid Black
RUEEG8J6XC8P91159,Model S,Standard,Deep Blue Metallic
LR1K4CRU0E7S15528,Model Y,Standard Range,Solid Black
WL0JEYW0XLKZ89420,Model Y,Performance,Red Multi-Coat
HXDYJR4MXBYSK2330,Model S,Plaid,Red Multi-Coat
A2SMUXNS1JCS76184,Model 3,Performance,Pearl White Multi-Coat
9L4KWA9V9DC1P7423,Model X,Plaid,Solid Black
70RUA47N0ZMU07201,Model X,Long Range,Red Multi-Coat
SF38FSYK5WRHV9261,Model Y,Standard Range,Solid Black
P18868YZ3XH7B3099,Model X,Long Range,Red Multi-Coat
RXUK97L54SY588260,Model S,Long Range,Deep Blue Metallic
D8BB1VL86A6G30293,Model S,Plaid,Deep Blue Metallic
68ZKPAU16JV9Y3408,Model X,Plaid,Solid Black
LNZD73F399DNH3243,Model X,Long Range,Midnight Silver Metallic
9U5GGRAS20D5H7146,Model 3,Performance,Solid Black
CPZAT0LU45H886093,Model X,Long Range,Solid Black
T5M6PMH0XRER73401,Model X,Plaid,Pearl White Multi-Coat
8BKY7NJH0LRBN9102,Model Y,Performance,Deep Blue Metallic
SX9G1Z0914PFT2694,Model 3,Standard Range Plus,Solid Black
WBVNWZJH96KTL6834,Model Y,Standard Range,Midnight Silver Metallic
665F6A463UZ9X4870,Model 3,Standard Range Plus,Pearl White Multi-Coat
YZ8S1C1U03VAE8538,Model S,Long Range,Midnight Silver Metallic
B5P9ZN4U08MF87625,Model Y,Performance,Deep Blue Metallic
JKXJGD1SXWY4N3480,Model X,Long Range,Pearl White Multi-Coat
1WMKN71NX7UYC2650,Model X,Plaid,Solid Black
6Z0T8Y105PKPU4376,Model X,Plaid,Solid Black
BH7VVA9N68CJ36053,Model X,Plaid,Deep Blue Metallic
9STM3ACX8Y9LS4167,Model Y,Long Range,Midnight Silver Metallic
ZR98729064MU15803,Model 3,Long Range,Deep Blue Metallic
UXJJY6UF1FH8G9282,Model X,Plaid,Solid Black
FUCX7ZBC89S3H9231,Model Y,Standard Range,Deep Blue Metallic
C0U2C64R6EMUX6843,Model 3,Performance,Midnight Silver Metallic
4ZU4K8HP5L4B34563,Model X,Long Range,Solid Black
14LDJXH7XPMK86247,Model X,Plaid,Midnight Silver Metallic
719MPPPF267984396,Model Y,Performance,Deep Blue Metallic
3CCV75MK939CT7382,Model 3,Performance,Deep Blue Metallic
GNPV8U5X4AH9J6880,Model X,Plaid,Solid Black
34CSYZ5A8RSHD7868,Model X,Plaid,Midnight Silver Metallic
B1AD1ZWZ6JH8A8443,Model S,Standard,Deep Blue Metallic
E3FJ30H9581NP4033,Model X,Long Range,Solid Black
L6G9TJL47BG270534,Model 3,Performance,Deep Blue Metallic
RGDVELHD8EUP09627,Model S,Standard,Solid Black
X6YBWBBC82KAB9724,Model 3,Performance,Midnight Silver Metallic
SC505UFW817RR6182,Model X,Plaid,Red Multi-Coat
28139F6H07M6C2900,Model S,Plaid,Pearl White Multi-Coat
9XVAKMX0382373084,Model Y,Long Range,Midnight Silver Metallic
J7ZT01E2XNJER3662,Model Y,Standard Range,Red Multi-Coat
8YA8E7JN9P6301951,Model 3,Performance,Midnight Silver Metallic
BUMBU0KJ4PG515147,Model Y,Long Range,Midnight Silver Metallic
00L0RVX5406L91964,Model 3,Standard Range Plus,Solid Black
BRNLYUXT3RTYY9523,Model 3,Long Range,Red Multi-Coat
ER6TE6FP5X9840305,Model Y,Performance,Solid Black
NP9JW0TF980R23302,Model X,Plaid,Deep Blue Metallic
UP475XA28F51T2521,Model 3,Performance,Midnight Silver Metallic
0BX9KXTM4043B7041,Model Y,Standard Range,Solid Black
ZA1SUWGZ7H6R94362,Model 3,Standard Range Plus,Deep Blue Metallic
DS4ESB5W4A4PU7566,Model 3,Performance,Deep Blue Metallic
CH775PM2975D13428,Model S,Plaid,Midnight Silver Metallic
KCC3FH639L6K19700,Model X,Long Range,Red Multi-Coat
NJSZCLSN2Z7Z02156,Model X,Plaid,Pearl White Multi-Coat
2RX3JA0W30AZM1133,Model 3,Long Range,Red Multi-Coat
V9MJPU3RX50Y73399,Model 3,Standard Range Plus,Pearl White Multi-Coat
10K6Y7WL4HPN62421,Model 3,Standard Range Plus,Deep Blue Metallic
5BWGXGV9XPJST1970,Model S,Long Range,Red Multi-Coat
9VPZLP6T04F108740,Model X,Plaid,Red Multi-Coat
7JRAS5ER5WW767157,Model 3,Performance,Solid Black
B7SUCSM54DX8H5597,Model S,Long Range,Deep Blue Metallic
W30X0DL31UXD49605,Model Y,Performance,Deep Blue Metallic
D2UHGB603KVTD1461,Model Y,Performance,Solid Black
GB46UMKAXXAUN3567,Model 3,Long Range,Solid Black
R1C50LL17L8TG2727,Model Y,Long Range,Red Multi-Coat
1V9V73DC4RDND6829,Model X,Long Range,Red Multi-Coat
C1PP2KKZ1TNNU1776,Model 3,Standard Range Plus,Deep Blue Metallic
M8BWUPBA4UJ768664,Model S,Standard,Red Multi-Coat
762T7Y7V4TDEW8904,Model 3,Long Range,Pearl White Multi-Coat
R8CX8NWT2ZJHG6053,Model 3,Long Range,Pearl White Multi-Coat
KTF1T3128LMAU2589,Model X,Plaid,Solid Black
FSCS4U9R2AUE72658,Model X,Long Range,Red Multi-Coat
9Z8SGALD910261106,Model X,Long Range,Midnight Silver Metallic
R29WNBFE5RG4H4383,Model S,Plaid,Pearl White Multi-Coat
60278W87365YP2442,Model 3,Standard Range Plus,Red Multi-Coat
DS7Y2T5Y5LVAB1366,Model X,Long Range,Solid Black
K1B38MNX0AG8C9980,Model S,Standard,Red Multi-Coat
22Z0DP8DX69HH0523,Model X,Long Range,Red Multi-Coat
XC6NJWYU0BCHS8634,Model Y,Performance,Solid Black
7KADYUVU37RUC9459,Model Y,Performance,Red Multi-Coat
NP5VA3ZG5NS289649,Model X,Plaid,Deep Blue Metallic
BLUBNF5D881L15525,Model 3,Performance,Deep Blue Metallic
MDWLE5RJ17H5T9383,Model X,Plaid,Solid Black
ULLCC4YY58VAL0461,Model S,Standard,Deep Blue Metallic
RF2J21WJ93M252608,Model Y,Long Range,Deep Blue Metallic
X7TKHLNS94SKW1857,Model 3,Long Range,Red Multi-Coat
Y8P72E417EA6C2156,Model 3,Long Range,Midnight Silver Metallic
P14G384K6RHA91459,Model X,Plaid,Pearl White Multi-Coat
W89L0TV80XYHL8839,Model X,Long Range,Midnight Silver Metallic
XE6GJ6NF44D1D3117,Model 3,Long Range,Solid Black
WRCY7MDZ9Z79E5472,Model X,Plaid,Pearl White Multi-Coat
PRVZCSC5070W74624,Model 3,Standard Range Plus,Solid Black
8F2WBH2X786NU8754,Model X,Plaid,Red Multi-Coat
D0SZUZM464RUC7451,Model Y,Standard Range,Pearl White Multi-Coat
JCSBHYU75843H0313,Model X,Plaid,Pearl White Multi-Coat
F57HESSS8DADN1347,Model 3,Long Range,Red Multi-Coat
JJ17BZXK1ABMW3251,Model Y,Long Range,Midnight Silver Metallic
01XUM2BG0NX1Y1209,Model Y,Standard Range,Solid Black
FX832JEZ9KMVY2211,Model Y,Performance,Deep Blue Metallic
NGYGPW1N8X8H24589,Model 3,Standard Range Plus,Red Multi-Coat
0TE0NY2F36CR79653,Model X,Long Range,Solid Black
HVBGNMST3M8UW4430,Model X,Plaid,Red Multi-Coat
NJ81Y0W00AKYJ8498,Model Y,Long Range,Red Multi-Coat
5J1W3DJ86UN140740,Model S,Standard,Deep Blue Metallic
G9NJZ06H46JE32369,Model 3,Long Range,Midnight Silver Metallic
XNFRUS7G7UL9C4942,Model Y,Long Range,Solid Black
G9TCKK6K9RU799782,Model Y,Standard Range,Red Multi-Coat
VLZNWNUW92T696670,Model 3,Long Range,Red Multi-Coat
KFZP9J4S7W4642607,Model X,Long Range,Deep Blue Metallic
H7M7JXM45D0Y91980,Model Y,Performance,Midnight Silver Metallic
E0KK1YC8387FD1029,Model S,Standard,Solid Black
7X2ZVS48XFGV84672,Model Y,Long Range,Midnight Silver Metallic
U02B0FAZ2JJ7Y8377,Model X,Long Range,Pearl White Multi-Coat
PHSR7WTU98R1K2047,Model Y,Performance,Solid Black
3V3N9WWH5ZDNR0258,Model S,Standard,Pearl White Multi-Coat
Z5B0NMW9XXRXB4461,Model X,Plaid,Red Multi-Coat
ZG9LNS5377YXL0231,Model Y,Standard Range,Red Multi-Coat
EF7BRT54X5VP29410,Model 3,Long Range,Red Multi-Coat
BL7VR9CC6ECAU4774,Model X,Long Range,Deep Blue Metallic
C627D39115MBY5698,Model X,Plaid,Red Multi-Coat
CDXZNN95869K77661,Model Y,Performance,Red Multi-Coat
8YE4M2EJ9AJ5F4651,Model X,Plaid,Solid Black
ZKS48XG27CM490564,Model X,Plaid,Solid Black
DM4FY53N66X9H1699,Model Y,Performance,Midnight Silver Metallic
373YZENU142CR7430,Model S,Plaid,Deep Blue Metallic
2X4RR9UU78PNC8217,Model X,Long Range,Solid Black
MU4FE61E11F456890,Model Y,Standard Range,Red Multi-Coat
49VBJ3LN8SX859342,Model Y,Standard Range,Pearl White Multi-Coat
5GDYNEVKXHLZ75843,Model S,Plaid,Solid Black
4NTYH6D97D8P08348,Model 3,Standard Range Plus,Deep Blue Metallic
3FVW82Y39K64H4496,Model X,Plaid,Pearl White Multi-Coat
RY2RRV3E14K3N3626,Model Y,Performance,Pearl White Multi-Coat
2MGD2MUU0JWUG0186,Model Y,Performance,Red Multi-Coat
ARWF91HH2MS3H1384,Model Y,Performance,Solid Black
PHG18KLG5V1W32770,Model 3,Performance,Pearl White Multi-Coat
NXDT46HL9HGY91724,Model X,Plaid,Red Multi-Coat
EB04E83B13E4G8795,Model Y,Long Range,Pearl White Multi-Coat
G2N3FN7545FDL8718,Model Y,Performance,Midnight Silver Metallic
PT5UJ02LXPXJ29556,Model X,Plaid,Red Multi-Coat
AP3J027D1NDR35889,Model Y,Standard Range,Pearl White Multi-Coat
0R65EZT88VLHC8097,Model X,Plaid,Pearl White Multi-Coat
JFMFPEWLXP6NZ1376,Model X,Plaid,Pearl White Multi-Coat
5PXEVTE929GJM8369,Model Y,Long Range,Deep Blue Metallic
L86TTZ0Y1A8TG3270,Model X,Plaid,Midnight Silver Metallic
X793U2A54UN9S2886,Model S,Plaid,Red Multi-Coat
FJ8MM7358UJX95767,Model Y,Long Range,Midnight Silver Metallic
BZ601PWR8H7EK5728,Model 3,Long Range,Solid Black
YM4ZUJLR6DUHL5220,Model X,Long Range,Midnight Silver Metallic
7NJA8JHY1G7EH7324,Model Y,Performance,Midnight Silver Metallic
07DZA23C7DJUV0705,Model Y,Standard Range,Pearl White Multi-Coat
9WJ88VUY08N6E4124,Model X,Plaid,Pearl White Multi-Coat
5LAZMHWZX7LC31506,Model S,Plaid,Red Multi-Coat
1F9RECGX7J9C62727,Model 3,Standard Range Plus,Solid Black
D1U5YDB3XFNXB6496,Model 3,Performance,Pearl White Multi-Coat
KEJYYSNX6JTVL4131,Model S,Standard,Deep Blue Metallic
FU8BWL8N5TF2J6277,Model X,Plaid,Solid Black
HZDT4LGLXSG4H6676,Model 3,Standard Range Plus,Red Multi-Coat
YEM3KVTE68M929283,Model 3,Long Range,Deep Blue Metallic
2R6MN54D7SEJA5832,Model Y,Performance,Pearl White Multi-Coat
PMTDF1321Y3AJ8186,Model X,Plaid,Midnight Silver Metallic
K2EF3H8RX55ZT6241,Model S,Standard,Red Multi-Coat
2107SCKLXHWC76804,Model 3,Performance,Solid Black
GXRJU6ETXZFR28474,Model 3,Long Range,Pearl White Multi-Coat
YSP7VE2S87KM03757,Model S,Long Range,Deep Blue Metallic
67ADYF601E4YG6978,Model 3,Performance,Midnight Silver Metallic
TKM03LT16YLFL4387,Model S,Standard,Midnight Silver Metallic
WXZ67U5R08ACV2028,Model S,Long Range,Midnight Silver Metallic
83UYAY9T2UJHL6041,Model Y,Performance,Red Multi-Coat
PA0JDPGX4AX1L7352,Model Y,Standard Range,Red Multi-Coat
TB0X51KC2M74W3187,Model Y,Long Range,Pearl White Multi-Coat
A5NEN1CH3PSGC4694,Model S,Long Range,Pearl White Multi-Coat
507DHBG75MHXD2896,Model Y,Performance,Midnight Silver Metallic
A1ED600A049ZV7051,Model 3,Standard Range Plus,Midnight Silver Metallic
UXLKZ8FS9KL6D6675,Model X,Long Range,Pearl White Multi-Coat
AH0UVYG802PWN8652,Model Y,Long Range,Red Multi-Coat
UDCRPB1C61KM77583,Model X,Long Range,Deep Blue Metallic
PGZ1H3HX542XW6044,Model S,Standard,Pearl White Multi-Coat
YBX73P20384V42216,Model Y,Long Range,Pearl White Multi-Coat
L7HC2MLA9ST459580,Model S,Long Range,Deep Blue Metallic
CZ0H6BV3XTB1K4938,Model 3,Long Range,Midnight Silver Metallic
HN8MW6W68BL2A1121,Model X,Plaid,Red Multi-Coat
1DPW6FKC5JBH92406,Model S,Long Range,Midnight Silver Metallic
LTECHCBJ2YNPN4741,Model 3,Standard Range Plus,Solid Black
VA3R0DUNXH6ZD4358,Model Y,Long Range,Pearl White Multi-Coat
GDWG38BX8PR3L2795,Model Y,Performance,Red Multi-Coat
7N1ATXMM5AWB21254,Model X,Long Range,Midnight Silver Metallic
VWUSXFGP2K3EZ9576,Model X,Long Range,Pearl White Multi-Coat
7TUHS2AZ7C99M2498,Model 3,Long Range,Pearl White Multi-Coat
46K0NWSA5BKK67023,Model Y,Performance,Red Multi-Coat
BFDU6F0P87XSD0725,Model X,Plaid,Red Multi-Coat
XRWF7R9L0US5N2654,Model Y,Performance,Pearl White Multi-Coat
Y2EBFPPM9S5E98099,Model 3,Performance,Red Multi-Coat
YC3DKU6M0JKRX6262,Model S,Plaid,Deep Blue Metallic
3GTBAS7W91AL91516,Model X,Long Range,Red Multi-Coat
ZRW1YSU40VZPX4641,Model S,Standard,Red Multi-Coat
MP8BUR607CZWU0594,Model 3,Performance,Red Multi-Coat
4WJ38YWP5UMJ20954,Model 3,Standard Range Plus,Midnight Silver Metallic
HBJNT2VL5N3SF4091,Model Y,Standard Range,Pearl White Multi-Coat
B6790YUH1W35L5793,Model Y,Standard Range,Red Multi-Coat
P307RZ6M0BG6U4660,Model Y,Standard Range,Deep Blue Metallic
8CGKZF4P0HBHZ9736,Model 3,Performance,Deep Blue Metallic
3SBJH1TD5HWL70624,Model Y,Performance,Solid Black
EE2LE5JW0RX1M9695,Model Y,Performance,Midnight Silver Metallic
MLNV0WYD3S36Y8264,Model S,Long Range,Midnight Silver Metallic
N6DPKJLVXANUT7029,Model S,Plaid,Pearl White Multi-Coat
2JYFR9R8X8JBA1633,Model S,Standard,Deep Blue Metallic
STNDTHLPXSESY1588,Model X,Long Range,Red Multi-Coat
WJVABSJ117RTT8572,Model S,Standard,Deep Blue Metallic
TC2E9Z6T4AX6P0593,Model S,Long Range,Deep Blue Metallic
2RZCAWPF89J522735,Model 3,Standard Range Plus,Deep Blue Metallic
DWWFVFBW1AFW58195,Model X,Plaid,Deep Blue Metallic
13TXR5TG92VX48198,Model Y,Long Range,Solid Black
JS3PSZVU08APT1124,Model 3,Performance,Midnight Silver Metallic
M0FXDG7M1GMJV1773,Model S,Standard,Red Multi-Coat
MVGH390J4PJKA0359,Model Y,Performance,Pearl White Multi-Coat
KXVJ090J8DK016430,Model 3,Standard Range Plus,Solid Black
GPZSXAN09PRYA9858,Model X,Plaid,Red Multi-Coat
XBXR15ME4H8CN4332,Model Y,Performance,Deep Blue Metallic
YW1ECP3S7H64V1581,Model 3,Standard Range Plus,Deep Blue Metallic
FFGBFEWB8H6C50948,Model X,Long Range,Midnight Silver Metallic
9K4DEFXW45CX81805,Model 3,Performance,Solid Black
V6XC7DYK68VCW9096,Model S,Plaid,Deep Blue Metallic
1GTHYBMZ8GFMH7844,Model S,Standard,Pearl White Multi-Coat
ZKV8BY1L4B5UK8772,Model S,Standard,Red Multi-Coat
7VMBC7EDXX7KD4845,Model S,Long Range,Red Multi-Coat
0LACSAAAXTHEG5879,Model S,Standard,Solid Black
XKP0KMNL1ST1S7469,Model Y,Long Range,Pearl White Multi-Coat
4TN9WH2C22LUR3445,Model 3,Standard Range Plus,Pearl White Multi-Coat
LCDZVH75XX3RY3257,Model X,Long Range,Red Multi-Coat
FHR474MH08X958574,Model X,Plaid,Pearl White Multi-Coat
LT00KC6V0GJ293598,Model X,Long Range,Red Multi-Coat
5LPVDBLWXCGG23755,Model 3,Long Range,Midnight Silver Metallic
98TUSY443U3ZL8509,Model X,Long Range,Red Multi-Coat
YJM5568A5C5UH8197,Model 3,Performance,Deep Blue Metallic
WV0M5BMW2J1R28606,Model Y,Standard Range,Midnight Silver Metallic
1ELU0GEL6N0C08739,Model Y,Performance,Midnight Silver Metallic
DKB7239N7DCKA1553,Model Y,Long Range,Pearl White Multi-Coat
UHEDN29V1DR4V1607,Model X,Plaid,Pearl White Multi-Coat
VSCDR86B2AD8Y8981,Model Y,Standard Range,Pearl White Multi-Coat
NLTCD6ZP6W21R7481,Model X,Long Range,Deep Blue Metallic
TS7NPK5U4X2HL4316,Model S,Plaid,Deep Blue Metallic
30FB19093DJPT7009,Model Y,Performance,Red Multi-Coat
ATBB0BP85KSPG2073,Model 3,Long Range,Pearl White Multi-Coat
L22M2X301AA716086,Model X,Long Range,Midnight Silver Metallic
NE6T58XW71KXX6872,Model S,Long Range,Midnight Silver Metallic
G9LP7XYC10E672382,Model S,Plaid,Pearl White Multi-Coat
SJ7FEGBK5H9LU5798,Model S,Long Range,Deep Blue Metallic
P03R4CB18SL1X2032,Model S,Standard,Pearl White Multi-Coat
XNCSVDWG3ZMMB8714,Model 3,Long Range,Pearl White Multi-Coat
GMYW7MG5097EW5608,Model X,Plaid,Solid Black
88J9NKVU1SZC08182,Model 3,Standard Range Plus,Solid Black
E2CN04PE57AE08252,Model Y,Standard Range,Red Multi-Coat
UCH4SJRT2K15G7752,Model 3,Long Range,Pearl White Multi-Coat
KD54T90X6TSCF2362,Model X,Plaid,Deep Blue Metallic
N5EH9S800L18K3724,Model Y,Performance,Midnight Silver Metallic
7XEVK8W08RG8W1540,Model X,Plaid,Midnight Silver Metallic
UAYJE76P047HH3766,Model Y,Long Range,Solid Black
GZMTGN619YEUH1739,Model Y,Long Range,Pearl White Multi-Coat
7YRR3777XTS3N1359,Model X,Plaid,Deep Blue Metallic
VW3SU2DBXT2WG0514,Model S,Plaid,Pearl White Multi-Coat
NNNFHV4LXLSNB7423,Model 3,Standard Range Plus,Midnight Silver Metallic
Y6MNELK75YBRC1659,Model Y,Long Range,Pearl White Multi-Coat
GYNMVPAA6KZJB5013,Model 3,Long Range,Pearl White Multi-Coat
S5C66SG069R7J5856,Model Y,Performance,Pearl White Multi-Coat
6LEV3F0H1FEVD0733,Model Y,Performance,Midnight Silver Metallic
01JF2XVT9TBSR8893,Model X,Plaid,Deep Blue Metallic
GPGUPPFLXLF978512,Model Y,Standard Range,Midnight Silver Metallic
ZXL7ENEWXVYU54907,Model 3,Standard Range Plus,Red Multi-Coat
A2V4NX057G2YU5149,Model Y,Standard Range,Red Multi-Coat
9SDVKKME3L14N9862,Model S,Plaid,Solid Black
855TACFB4M67S2071,Model S,Plaid,Solid Black
RTRX9MB74GY6B4526,Model S,Long Range,Pearl White Multi-Coat
GSCEN6MVX44P71840,Model 3,Standard Range Plus,Pearl White Multi-Coat
A111LRK20BCYB9951,Model S,Standard,Red Multi-Coat
DN70PBVB138KJ8270,Model Y,Long Range,Solid Black
7NBA7YC02RV859578,Model Y,Performance,Deep Blue Metallic
MFP0FYCS576LS0507,Model S,Standard,Red Multi-Coat
CJL9VCJU7Y2Y76661,Model Y,Standard Range,Solid Black
LXRKYJ430BL423149,Model X,Plaid,Solid Black
4KRCN4UZ93D7W8285,Model Y,Standard Range,Solid Black
BEL5DYD16J1FM0631,Model S,Plaid,Pearl White Multi-Coat
BREPS3007UKDH9394,Model 3,Standard Range Plus,Red Multi-Coat
T1TTRHCY93V9E4906,Model X,Plaid,Midnight Silver Metallic
588AY5BL5JJG72464,Model Y,Standard Range,Midnight Silver Metallic
8SC6YC939E3RB7711,Model Y,Long Range,Red Multi-Coat
65FUPV0V9DL319083,Model 3,Performance,Pearl White Multi-Coat
0MGBNWC44Z5EB6624,Model X,Long Range,Solid Black
CMV2V5FJ1L4858228,Model S,Long Range,Deep Blue Metallic
T2ALP30784R8E3060,Model Y,Performance,Deep Blue Metallic
352XRJRV4NWX03794,Model S,Plaid,Solid Black
WPE0JBRG1K03W2506,Model 3,Standard Range Plus,Deep Blue Metallic
TES9NDST4RWPM6777,Model Y,Performance,Midnight Silver Metallic
LS9DFDCC0TPKD9578,Model S,Plaid,Solid Black
S0X7VKT43ARUB3358,Model 3,Standard Range Plus,Red Multi-Coat
V2DRBH0S3LWF99326,Model Y,Long Range,Solid Black
YL3756218NC0D0515,Model S,Plaid,Midnight Silver Metallic
K5PLVXMB2A0AT4418,Model S,Standard,Midnight Silver Metallic
8TAXHF804RXRX7102,Model S,Standard,Red Multi-Coat
A2PVBV2Y9P5B99551,Model 3,Performance,Deep Blue Metallic
KS08CLJ69TAPG5970,Model S,Long Range,Pearl White Multi-Coat
CZH2YLA44UM3H3447,Model 3,Performance,Deep Blue Metallic
W6M3912K9R3HR6376,Model X,Plaid,Pearl White Multi-Coat
MPZUTM9N5JH6V4837,Model S,Plaid,Midnight Silver Metallic
6LZ8297F40F651251,Model S,Standard,Deep Blue Metallic
11M50WM78C6B69102,Model 3,Standard Range Plus,Midnight Silver Metallic
61UED46RXCYBX5837,Model Y,Long Range,Solid Black
J4VBZ16B3C85C3428,Model X,Plaid,Deep Blue Metallic
BLEASJTZ5NF1G4364,Model 3,Long Range,Red Multi-Coat
JA545YN4216LP9617,Model Y,Long Range,Pearl White Multi-Coat
5GLVNXPY9CEA34758,Model Y,Standard Range,Red Multi-Coat
NTWWLSWW6T29L7226,Model X,Long Range,Solid Black
R0SP1UB002SX09231,Model S,Long Range,Pearl White Multi-Coat
HMC2YSAKXYYUU8433,Model Y,Performance,Pearl White Multi-Coat
AY4N75LX5YDTY9423,Model Y,Long Range,Midnight Silver Metallic
1KAMKU8999PX58455,Model S,Standard,Solid Black
2VPTFDLE6MMC95748,Model X,Plaid,Midnight Silver Metallic
LEFFYX2L5L6YW8162,Model X,Long Range,Pearl White Multi-Coat
H5VRCH0P41LNX0733,Model S,Standard,Deep Blue Metallic
0HLYLCC80ZJFR4038,Model Y,Performance,Red Multi-Coat
U1KGD0J27W0VR0615,Model Y,Standard Range,Solid Black
AVL7HWHC89L289742,Model S,Long Range,Red Multi-Coat
4LXP0LR26L3JL6562,Model S,Plaid,Red Multi-Coat
3Z49Y5599F6PN2182,Model X,Plaid,Solid Black
M6TM5YS466DVA8662,Model X,Plaid,Deep Blue Metallic
8GEF424E5E09Z7003,Model S,Plaid,Red Multi-Coat
LLRS2ZJY93C3D0681,Model 3,Performance,Red Multi-Coat
EY1N6PZA51JHP6328,Model 3,Performance,Deep Blue Metallic
ZRACGMCL8V2VZ4614,Model 3,Standard Range Plus,Midnight Silver Metallic
SDB83R7D2KPW43943,Model X,Plaid,Deep Blue Metallic
EGDZ2K1D8RLWS2537,Model 3,Standard Range Plus,Pearl White Multi-Coat
AYXJF5714H1KV0900,Model Y,Long Range,Deep Blue Metallic
RA74PDCU92K385146,Model X,Plaid,Solid Black
K0GWD82X5FWHH2011,Model X,Plaid,Pearl White Multi-Coat
2X50D5SRXWTB10076,Model Y,Performance,Red Multi-Coat
35HJXCH2813UY4337,Model 3,Long Range,Solid Black
E4JP6PWX10LNT8255,Model 3,Long Range,Solid Black
BSPWNJ0Y96G9M8656,Model Y,Long Range,Red Multi-Coat
NWVA3MZ089DS69582,Model Y,Long Range,Deep Blue Metallic
T8Z371GA8LPSS3571,Model X,Plaid,Red Multi-Coat
ENT7EW0C505KF0817,Model 3,Long Range,Midnight Silver Metallic
SKD7C222255GV4132,Model 3,Long Range,Midnight Silver Metallic
8UNS1KMR0X3Y35346,Model 3,Long Range,Midnight Silver Metallic
YLN2GXR76Y2R36995,Model X,Plaid,Red Multi-Coat
Y6XG66F71X3LK7653,Model 3,Long Range,Deep Blue Metallic
VDT7192Z1WHR47182,Model X,Plaid,Midnight Silver Metallic
G8YBVJA34805C4956,Model S,Plaid,Pearl White Multi-Coat
XYF1RBR31YEV84235,Model 3,Performance,Red Multi-Coat
7A992VYP57TX36085,Model S,Plaid,Deep Blue Metallic
HUU556GN2982A7683,Model 3,Long Range,Midnight Silver Metallic
6BCVPGX593EC02961,Model S,Long Range,Deep Blue Metallic
K9S1P4Z171K9L1849,Model 3,Performance,Midnight Silver Metallic
FXDCXXXD8509Z1268,Model 3,Long Range,Pearl White Multi-Coat
05XZ5AFT34U3L5346,Model Y,Long Range,Solid Black
S2CPSVE97AFJY7986,Model Y,Performance,Deep Blue Metallic
5U2T56037WMKL5464,Model Y,Performance,Red Multi-Coat
KXZYR9XM65GHH1758,Model Y,Performance,Solid Black
JZELLFCN0THGU4358,Model X,Long Range,Solid Black
C9JCPLDW0JFDM9821,Model 3,Performance,Midnight Silver Metallic
BYPFSXHW65G8R8524,Model 3,Performance,Red Multi-Coat
S15CGYWH8H4UY8963,Model S,Plaid,Deep Blue Metallic
7XURL89B65H7H1500,Model X,Plaid,Solid Black
97UD34186UFEE5944,Model S,Standard,Midnight Silver Metallic
HNF02LEA92A6H6389,Model 3,Performance,Red Multi-Coat
Y87FTEFWXH71F9223,Model 3,Long Range,Midnight Silver Metallic
KURVDE769RR2H6772,Model Y,Long Range,Red Multi-Coat
DYUML2YZ2DP059679,Model 3,Long Range,Solid Black
RASDDLNS7RX2F4343,Model Y,Standard Range,Midnight Silver Metallic
5V2RNPR266UGN7676,Model Y,Standard Range,Solid Black
EHPGXAAE4C3RP9898,Model 3,Long Range,Midnight Silver Metallic
4E6A64G6XJ0UH8472,Model X,Plaid,Pearl White Multi-Coat
BETKA5E62JXUA9092,Model Y,Long Range,Deep Blue Metallic
F2C557HB2PB0B8178,Model S,Long Range,Deep Blue Metallic
F1LAHZ2Z9A4X08062,Model X,Long Range,Midnight Silver Metallic
9FPHWFWB035R91329,Model S,Plaid,Solid Black
1JWYSSWN2TAZY9964,Model S,Long Range,Solid Black
93D5PK8T72LYC6645,Model 3,Performance,Pearl White Multi-Coat
2DU0V9KS7VGYS3203,Model 3,Performance,Pearl White Multi-Coat
WWPDW9T49P4NW3214,Model X,Plaid,Deep Blue Metallic
RU5JNZX36CKZA7155,Model 3,Long Range,Pearl White Multi-Coat
170H42ZDXSMWN8507,Model 3,Performance,Deep Blue Metallic
LJP48VYU2Z50R8089,Model Y,Standard Range,Red Multi-Coat
MVH00C6R93K194630,Model 3,Long Range,Red Multi-Coat
CTCT0UGD8GX5E0120,Model Y,Long Range,Solid Black
WAY86WMP3ML0H7498,Model 3,Standard Range Plus,Midnight Silver Metallic
FE2UXHMZ3KG704760,Model S,Plaid,Solid Black
EEFW07ZP8MK6F6669,Model 3,Long Range,Midnight Silver Metallic
AX5L4USU4MP8K2670,Model 3,Long Range,Solid Black
FYYSDSUF5MALR4392,Model X,Plaid,Red Multi-Coat
676610UY4XB391200,Model X,Plaid,Red Multi-Coat
JPN63AKM831CA1091,Model Y,Performance,Solid Black
SY7HJ5J95AZ7Y1794,Model X,Plaid,Deep Blue Metallic
EJ3SMAXV1STFK5844,Model 3,Performance,Midnight Silver Metallic
LDFW003687V900912,Model S,Plaid,Pearl White Multi-Coat
5JMLFXUT0DX3P1894,Model X,Long Range,Pearl White Multi-Coat
ASCN543G3SLV96277,Model X,Long Range,Pearl White Multi-Coat
LULB1AGT439FZ1752,Model X,Long Range,Red Multi-Coat
YHCBT31P017XZ5955,Model Y,Long Range,Red Multi-Coat
CD0MZHSC0JW3J6079,Model 3,Performance,Deep Blue Metallic
M2T5XTWE6GK3E5937,Model Y,Standard Range,Deep Blue Metallic
GSG1E3EV045HT3606,Model 3,Performance,Pearl White Multi-Coat
2ZK4YDJ89BC1U3685,Model Y,Long Range,Pearl White Multi-Coat
6MFX279G4AUDA2446,Model 3,Long Range,Deep Blue Metallic
P7JK55084B8VM0314,Model S,Long Range,Solid Black
8ZWZ8XH61RCG25152,Model Y,Standard Range,Pearl White Multi-Coat
65A0MACX7U7ZS5056,Model Y,Performance,Red Multi-Coat
DACX5EYW433VC6553,Model Y,Long Range,Deep Blue Metallic
1N2PMT1L689XY7121,Model Y,Performance,Deep Blue Metallic
M83LFKUJ79GR00104,Model Y,Standard Range,Solid Black
HMT5P5YK0JLB64600,Model S,Standard,Midnight Silver Metallic
97P87GML06E4H1293,Model S,Long Range,Pearl White Multi-Coat
K6KK7S3K849576154,Model X,Long Range,Deep Blue Metallic
17X3XPS74F6MA4298,Model Y,Performance,Red Multi-Coat
B72XD9AZ6HCYF3608,Model S,Plaid,Solid Black
4UDRCJN93JHF86969,Model X,Plaid,Red Multi-Coat
TGY18SCG58F932929,Model S,Plaid,Deep Blue Metallic
EF35S9DH981T71903,Model 3,Long Range,Solid Black
MDV008PL7VC0D6684,Model 3,Long Range,Solid Black
RNCFYYHU2WA440406,Model Y,Long Range,Midnight Silver Metallic
WJDT8J0J8X5WN4260,Model S,Long Range,Solid Black
KEVCHXRH092FY2737,Model 3,Standard Range Plus,Red Multi-Coat
REZ08HPG3S2571484,Model X,Plaid,Pearl White Multi-Coat
FJGFBY109M1XC0586,Model 3,Standard Range Plus,Pearl White Multi-Coat
B7KUGHCS07RXC9995,Model S,Plaid,Midnight Silver Metallic
FL3MNXFM225797368,Model X,Long Range,Midnight Silver Metallic
ET3DWT570DDP78723,Model X,Plaid,Red Multi-Coat
3G1T8HVD686GF1539,Model X,Long Range,Pearl White Multi-Coat
3XHA1YDT6EH1U5118,Model Y,Standard Range,Midnight Silver Metallic
NNVA272H53BCD3223,Model 3,Performance,Pearl White Multi-Coat
C9JW4VE95KU050135,Model 3,Standard Range Plus,Midnight Silver Metallic
AXR1AP3B5D50T6112,Model 3,Performance,Deep Blue Metallic
7UEAHMVA7VUBV9893,Model Y,Standard Range,Red Multi-Coat
HLGD2CSJ3894E6871,Model X,Plaid,Deep Blue Metallic
8XS94BE925F6M3089,Model Y,Standard Range,Solid Black
6GGM9B3U760V57323,Model Y,Performance,Midnight Silver Metallic
U6LWAHM2726LA0000,Model X,Plaid,Deep Blue Metallic
66CX7VP44LR8Z9025,Model X,Long Range,Solid Black
JJGA60XJ5BJZ37812,Model Y,Performance,Midnight Silver Metallic
LRX3ZUW22GFRN0900,Model S,Plaid,Deep Blue Metallic
M6PH0SR82ZELP3624,Model 3,Long Range,Pearl White Multi-Coat
4PKAR33X6TWN20633,Model Y,Long Range,Midnight Silver Metallic
B954H48SX1GGB4818,Model X,Plaid,Red Multi-Coat
XYFCRC5SX0SJA4321,Model 3,Performance,Deep Blue Metallic
KTKA2FT937KG65863,Model X,Long Range,Solid Black
W3RJRANP8EPMB4026,Model S,Plaid,Deep Blue Metallic
JC26XRKT5Z2E74489,Model S,Standard,Pearl White Multi-Coat
PFZBHM9WXJ4JF9050,Model Y,Long Range,Solid Black
DDDNCGL8467WW6321,Model Y,Standard Range,Pearl White Multi-Coat
84CF6CYD13T352653,Model X,Long Range,Midnight Silver Metallic
6ZYLR7WZ01BD26880,Model S,Plaid,Midnight Silver Metallic
27MT891F4GJ8T6577,Model X,Long Range,Midnight Silver Metallic
